Redmine User, Github User
IR4T4,IR4T4
Jacker,jackeri
morsik,morsik
Radegast,JanSimek
Spyhawk,rmarquis
Aranud,Aranud
boutetnico,boutetnico
RaFaL,rafal1137
ryven,isRyven
swillits,swillits
Timothy,timosmit
BSzili,BSzili
Matt,Mailaender
ensiform,ensiform
eagle_cz,lachmex
C..,core-c
Dragonji,adanski
Harlekin,harleking
palota,plastovicka
Saukko,saukko28
TheDushan,TheDushan
thunder,thunderpwn
hifi,hifi
keMoN,realkemon
WuTangH,WuTangH
Dominator56,kuromiii
lrq3000,lrq3000
Ododo,Ododo
Exagone313,Exagone313
yfcz,yfcz
Zelly,Zelly
kimi,mittermichal
Calinou,Calinou
artium,alkhimey
illwieckz,illwieckz
The_Loko,Julio
Bystry,BystryPL
belst,belst
grepwood,grepwood
Kissaki,Kissaki
ponce,ponce
ptitSeb,ptitSeb
raedwulf,raedwulf
winrid,winrid
mukmuk,zedar187
ZTM,zturtleman
